{
  "epoch": [
    1,
    2,
    3,
    4,
    5,
    6,
    7,
    8,
    9,
    10,
    11,
    12,
    13,
    14,
    15,
    16,
    17,
    18,
    19,
    20,
    21,
    22,
    23,
    24,
    25,
    26,
    27,
    28,
    29,
    30,
    31,
    32,
    33,
    34,
    35,
    36,
    37,
    38,
    39,
    40
  ],
  "train_loss": [
    1.5968920479650084,
    1.3772297983584196,
    1.237610085114189,
    1.1041843704555345,
    0.942694219817286,
    0.7843150268430296,
    0.6543228564055069,
    0.5493681500787321,
    0.4764647159887397,
    0.4028344942175824,
    0.3408217067303865,
    0.3333732851173567,
    0.2513793477545614,
    0.2205736414245937,
    0.2003608878539956,
    0.18142404115718344,
    0.18078094571828843,
    0.1815330075181049,
    0.2040720714175183,
    0.17177292950775314,
    0.13786055549331333,
    0.13861892521381378,
    0.12037806186987006,
    0.12821561162886413,
    0.12191775065401327,
    0.1043827340654705,
    0.11392012782718824,
    0.10101267948098805,
    0.10628393422002377,
    0.10653648544912753,
    0.10024825188776722,
    0.09326362745917362,
    0.10885130047150281,
    0.11411837099686913,
    0.09192190121697343,
    0.10493491810301075,
    0.09876197673704314,
    0.09764845753493516,
    0.08811578569204911,
    0.09146794203830802
  ],
  "train_acc": [
    0.5,
    0.5858695652173913,
    0.6684782608695652,
    0.717391304347826,
    0.8054347826086956,
    0.8586956521739131,
    0.9010869565217391,
    0.9173913043478261,
    0.9358695652173913,
    0.9478260869565217,
    0.9554347826086956,
    0.9489130434782609,
    0.9619565217391305,
    0.9760869565217392,
    0.9760869565217392,
    0.9760869565217392,
    0.975,
    0.9717391304347827,
    0.9619565217391305,
    0.9695652173913043,
    0.9771739130434782,
    0.9717391304347827,
    0.975,
    0.9826086956521739,
    0.9793478260869565,
    0.9836956521739131,
    0.9804347826086957,
    0.9804347826086957,
    0.9847826086956522,
    0.9815217391304348,
    0.9847826086956522,
    0.9858695652173913,
    0.9880434782608696,
    0.9782608695652174,
    0.9836956521739131,
    0.9793478260869565,
    0.9836956521739131,
    0.975,
    0.9869565217391304,
    0.9858695652173913
  ],
  "val_loss": [
    1.6199127072873323,
    1.7656512011652408,
    1.458354958243992,
    1.4700393635293711,
    1.0669908295507016,
    0.8857452205989672,
    0.7086248802102131,
    0.5593464872111444,
    0.5218642136325007,
    0.36892303876254867,
    0.39642364460489027,
    0.281489367329556,
    0.2621535583682682,
    0.1751072655553403,
    0.1528014124735542,
    0.16172998884449835,
    0.1465083643146183,
    0.30324650562327843,
    0.2398443172807279,
    0.10653747844955196,
    0.11495640342650207,
    0.09351708059725554,
    0.08586746765219647,
    0.10061140980409539,
    0.08806825435679892,
    0.08779823546824247,
    0.0862032607845638,
    0.09217274487018585,
    0.07344916754442712,
    0.08843351732129635,
    0.06950965640337571,
    0.09246515994486601,
    0.06938618868589401,
    0.06989397464886955,
    0.06624120700618495,
    0.0626075734262881,
    0.06628075740907503,
    0.07475733601528665,
    0.08088793028955875,
    0.06471964438324389
  ],
  "val_acc": [
    0.40869565217391307,
    0.39565217391304347,
    0.5043478260869565,
    0.46956521739130436,
    0.7,
    0.7913043478260869,
    0.8304347826086956,
    0.8869565217391304,
    0.9,
    0.9782608695652174,
    0.9521739130434783,
    0.991304347826087,
    0.9782608695652174,
    0.9956521739130435,
    0.9956521739130435,
    0.9869565217391304,
    0.991304347826087,
    0.9347826086956522,
    0.9478260869565217,
    0.9956521739130435,
    0.9956521739130435,
    0.991304347826087,
    0.9956521739130435,
    0.991304347826087,
    0.991304347826087,
    0.991304347826087,
    0.9956521739130435,
    0.991304347826087,
    0.9956521739130435,
    0.9956521739130435,
    0.9956521739130435,
    0.9869565217391304,
    0.9956521739130435,
    0.991304347826087,
    0.9956521739130435,
    0.991304347826087,
    0.9956521739130435,
    0.9869565217391304,
    0.991304347826087,
    0.9956521739130435
  ]
}